subj_id,task,part,pc,mrt,dprime,c
1,digit,prac,0.9,971.7845799867047,2.0574838772967206,0.3542521884522785
1,digit,test,0.8333333333333334,1170.8703533280645,1.8504891197083033,-0
1,space,prac,0.7,1416.829260019586,0.8849181444440064,-0.2320306779740785
1,space,test,0.6666666666666666,1256.2604448196062,0.9252445598541517,0.46262227992707583
1,word,prac,0.6,1533.1922000041225,0.4640613559481569,-0.44245907222200326
1,word,test,0.8333333333333334,1133.8350928687885,1.8649552706064574,-0.12493659318315231
10,digit,prac,0.6,1426.1688000056893,0.4208567884958495,-6.938893903907228e-17
10,digit,test,0.7,1176.5686666204904,1.0876739324954374,-0.381407593606433
10,space,prac,0.5,1736.5595333588633,0,-0.21042839424792484
10,space,test,0.6,1283.4755034458917,0.4917207196194079,-0.08343098716841828
10,word,prac,0.5,1851.92345001269,0,0.2104283942479247
10,word,test,0.48333333333333334,1135.6459699881573,-0.08094729048129604,0.04047364524064802
100,digit,prac,0.4,2071.96072500665,-0.4640613559481569,-0.44245907222200326
100,digit,test,0.4666666666666667,1703.9060448416797,-0.2859875710671933,-1.0682383453877482
100,space,prac,0.5,1823.536600009542,0,0.2104283942479247
100,space,test,0.8166666666666667,1366.0265172566774,1.732785601974228,0.05885175886703764
100,word,prac,0.3,1552.7448250213652,-0.8849181444440064,-0.2320306779740785
100,word,test,0.6833333333333333,1566.5519857097286,0.9294701229679677,0.13544371450586162
101,space,prac,0.5,2245.8618999808077,0,-0.6744897501960817
101,space,test,NA,NA,NA,NA
102,digit,prac,0.5,1406.24902500713,0,0.6744897501960817
102,digit,test,0.8,1319.370460001907,1.6575930044762264,0.22861772624826776
102,space,prac,0.6,2087.542879988904,0.4208567884958495,-6.938893903907228e-17
102,space,test,0.6166666666666667,1613.0053769223966,0.6451116694787907,0.484985207380681
102,word,prac,0.7,1139.8017000057753,0.8849181444440064,-0.2320306779740785
102,word,test,0.7333333333333333,1399.564499995904,1.200357551979691,-0
103,digit,prac,0.7,1258.42629999776,0.8849181444440064,-0.2320306779740785
103,digit,test,0.7833333333333333,1091.0331266621747,1.5076312547276431,-0.05372541475625481
103,space,prac,0.7,1548.433340003248,0.8849181444440065,0.23203067797407845
103,space,test,0.6666666666666666,1296.2525700044353,0.8625195852488526,0.26883041998314045
103,word,prac,0.5,1829.1064599878139,0,0.2104283942479247
103,word,test,0.5833333333333334,1419.8582266709614,0.4159872201896748,0.2079936100948374
104,digit,prac,0.4,1066.916249983479,-0.4208567884958495,-6.938893903907228e-17
104,digit,test,0.5,1152.2704629632817,0,0.16242937264128568
104,space,prac,0.4,1156.8557749851602,-0.4208567884958495,-6.938893903907228e-17
104,space,test,0.6,1129.4729714365012,0.5192314855085495,0.34056303323557074
104,word,prac,0.3,1707.555225031685,-0.8849181444440065,0.23203067797407845
104,word,test,0.6166666666666667,1360.7160576995325,0.5868809446471077,0.21249318184225796
105,digit,prac,0.6,1446.410920005291,0.4208567884958495,-6.938893903907228e-17
105,digit,test,0.5166666666666667,1286.9231433336006,0.08257685039603502,0.2037177978393032
105,space,prac,0.4,1473.24848000426,-0.4208567884958495,-6.938893903907228e-17
105,space,test,0.5833333333333334,1226.7970533313926,0.43774940334855983,0.38130407431556557
105,word,prac,0.4,1457.067180000014,-0.708504376904557,1.0287419386483603
105,word,test,0.5333333333333333,1304.2976689667457,0.2859875710671933,1.0682383453877482
106,digit,prac,0.7,1876.680980063974,0.8849181444440064,-0.2320306779740785
106,digit,test,0.8333333333333334,1375.585973340397,1.9113223435289117,0.2555709591568891
106,space,prac,0.7,1589.2509249970299,0.8849181444440065,0.23203067797407845
106,space,test,0.7833333333333333,1651.1342433358855,1.6272193511110196,0.3976224553658351
106,word,prac,0.6,1938.067680038512,0.464061355948157,0.4424590722220032
106,word,test,0.6833333333333333,1669.2313966729366,0.9219208743554865,0.044973216988068554
107,digit,prac,0.7,1355.2697000035573,0.8849181444440064,-0.2320306779740785
107,digit,test,0.45,887.4954346180084,-0.28410299241789205,-0.5580387163986207
107,space,prac,0.7,765.7767749915365,0.8849181444440065,0.23203067797407845
107,space,test,0.45,647.5699136340568,-0.25355784754838917,0.28920829641548024
107,word,prac,0.6,1761.6879500055802,0.708504376904557,1.0287419386483603
107,word,test,0.45,1351.861485720812,-0.27088742901172325,0.46473506148398386
108,digit,prac,0.3,1745.4565999796625,-0.8849181444440065,0.23203067797407845
108,digit,test,0.5166666666666667,1257.160573340176,0.08669587321155248,-0.3726392835838985
108,space,prac,0.8,1986.2454250105625,1.5934225213485635,0.586282866426357
108,space,test,0.6166666666666667,1523.7941714294723,0.5742975700154429,-0.04214256197040077
108,word,prac,0.7,1952.99629998044,0.8849181444440064,-0.2320306779740785
108,word,test,0.6666666666666666,1724.1349428576152,0.8451849990271662,0.1775862764762624
109,digit,prac,0.4,1066.4993499522104,-0.4208567884958495,-6.938893903907228e-17
109,digit,test,0.48333333333333334,1005.1323807789371,-0.0809472904812959,-0.04047364524064795
109,space,prac,0.5,1377.1715500042774,0,0.2104283942479247
109,space,test,0.48333333333333334,1262.7762827524468,-0.08669587321155259,0.37263928358389853
109,word,prac,0.3,1358.028300019215,-0.8849181444440065,0.23203067797407845
109,word,test,0.55,1574.7463035679962,0.35732401587881424,0.8787522205469739
11,digit,prac,0.7,1294.6527000050987,0.8849181444440064,-0.2320306779740785
11,digit,test,0.7,1337.8666344917667,1.052547265157397,-0.28126740954137786
11,space,prac,0.4,1479.8053001286476,-0.4208567884958495,-6.938893903907228e-17
11,space,test,0.65,1323.509465493583,0.745278567167797,-0.04334793660577624
11,word,prac,0.6,1367.0941200107347,0.4640613559481569,-0.44245907222200326
11,word,test,0.45,1396.2707428394683,-0.25355784754838884,-0.2892082964154803
110,digit,prac,0.5,2233.1726666695135,0,0.2104283942479247
110,digit,test,0.5333333333333333,1452.9494071393858,0.1640589325560248,-0.16297675675930828
110,space,prac,0.5,1715.7142599928202,0,0.2104283942479247
110,space,test,0.6,1149.4811666663734,0.6414270082967062,0.7367007243380279
110,word,prac,0.5,1650.3274749993575,0,1.3829941271006387
110,word,test,0.38333333333333336,1637.9209210526342,-0.6001787759898455,0.30008938799492274
111,digit,prac,0.4,1159.1277749976157,-0.4208567884958495,-6.938893903907228e-17
111,digit,test,0.38333333333333336,1125.2637607103677,-0.5784165928309607,0.12677892377419447
111,space,prac,0.4,1602.11240001954,-0.4640613559481569,-0.44245907222200326
111,space,test,0.5666666666666667,1230.4445642886485,0.3551725529525248,0.4225924995135831
111,word,prac,0.6,1033.0871400190535,0.4208567884958495,-6.938893903907228e-17
111,word,test,0.4666666666666667,1117.7489036927004,-0.16686197433683655,0.24586035980970394
112,digit,prac,0.5,1372.9646999854601,0,0.2104283942479247
112,digit,test,0.4,1918.1308119930331,-0.5192314855085496,-0.3405630332355707
112,space,prac,0.4,1731.80415998213,-0.4208567884958495,-6.938893903907228e-17
112,space,test,0.5,1265.3679896571573,0,-0
112,word,prac,0.4,1772.975880000742,-0.4208567884958495,-6.938893903907228e-17
112,word,test,0.4166666666666667,1347.4129964348062,-0.43774940334855983,0.38130407431556557
113,digit,prac,0.5,1442.596479994246,0,-0.21042839424792484
113,digit,test,0.5,1600.4874444463185,0,-0
113,space,prac,0.6,1906.954779941588,0.4640613559481569,-0.44245907222200326
113,space,test,0.55,1556.2947518580288,0.24834405649682634,-0.20511931872970907
113,word,prac,0.3,2181.55820000296,-1.1725657328527141,0.7967112606742817
113,word,test,0.43333333333333335,1963.3155999948603,-0.32929134697812223,-0.16464567348906112
114,digit,prac,0.6,2376.8821499834276,0.708504376904557,1.0287419386483603
114,digit,test,0.6833333333333333,1871.359539282691,1.0061918503354477,0.4221486346864279
114,space,prac,0.5,2110.61224999139,0,0.2104283942479247
114,space,test,0.43333333333333335,1903.4519749943029,-0.3350399297083788,0.24846725533548542
114,word,prac,0.9,1737.8581000142722,2.0574838772967206,0.3542521884522785
114,word,test,0.6333333333333333,1823.7784821415394,0.6585826939562445,-0
115,digit,prac,0.4,1269.584040003246,-0.4640613559481569,-0.44245907222200326
115,digit,test,0.43333333333333335,1135.948314817614,-0.3551725529525248,-0.4225924995135831
115,space,prac,0.5,1365.545249998834,0,0.6744897501960817
115,space,test,0.48333333333333334,960.1598285724846,-0.08428512394080154,0.28714878500772145
115,word,prac,0.5,1598.370180002528,0,0.2104283942479247
115,word,test,0.4666666666666667,1017.4731846133145,-0.2251543472465849,0.8126673862308592
116,digit,prac,0.5,1324.7785200364901,0,0.2104283942479247
116,digit,test,0.5666666666666667,1203.401483323736,0.32929134697812223,0.16464567348906112
116,space,prac,0.5,1676.295839995146,0,-0.21042839424792484
116,space,test,0.48333333333333334,1226.2794777699232,-0.08094729048129604,0.04047364524064802
116,word,prac,0.5,1338.9045500662176,0,-0.21042839424792484
116,word,test,0.6,1283.7000551617484,0.4917207196194081,0.0834309871684182
117,digit,prac,0.8,1285.4453250183722,1.3489795003921634,-0
117,digit,test,0.5166666666666667,1208.4916176425074,0.08669587321155259,0.37263928358389853
117,space,prac,0.5,1423.128900001755,0,0.6744897501960817
117,space,test,0.6166666666666667,1307.000571996906,0.5742975700154429,-0.04214256197040077
117,word,prac,0.7,1237.9868249990975,0.8849181444440065,0.23203067797407845
117,word,test,0.5166666666666667,1147.3105407397575,0.08094729048129604,0.04047364524064802
118,digit,prac,0.3,1521.448250045065,-0.8849181444440065,0.23203067797407845
118,digit,test,0.3333333333333333,1765.8024443727395,-0.835225001143934,0.08832115359384479
118,space,prac,0.3,1119.4628250668766,-0.8849181444440064,-0.2320306779740785
118,space,test,NA,NA,NA,NA
118,word,prac,0.3,2722.0949499169346,-0.8849181444440065,0.23203067797407845
118,word,test,NA,NA,NA,NA
119,digit,prac,0.5,1390.9262333375734,0,0.6744897501960817
119,digit,test,0.38333333333333336,1266.1138235399605,-0.5868809446471077,0.21249318184225796
119,space,prac,0.5,1939.5745000801967,0,0.6744897501960817
119,space,test,0.5166666666666667,1143.5537926024863,0.08148208215998964,0.12168833156129086
119,word,prac,0.8,1780.278520006688,1.3489795003921634,-0
119,word,test,0.4666666666666667,1090.5791925766537,-0.16405893255602466,0.16297675675930837
12,digit,prac,0.7,1309.1241800226276,0.8849181444440064,-0.2320306779740785
12,digit,test,0.7833333333333333,1273.6428857149026,1.5076312547276431,-0.05372541475625481
12,space,prac,0.9,1020.8611400332296,2.0574838772967197,-0.3542521884522782
12,space,test,0.8,1334.9050615752976,1.6253347724617184,0.11257717362329245
12,word,prac,0.7,891.347775119356,0.8849181444440065,0.23203067797407845
12,word,test,0.8333333333333334,1215.9525777765164,2.166631264719854,0.5773819781941149
120,digit,prac,0.5,1072.6493749534698,0,-0.6744897501960817
120,digit,test,0.6333333333333333,1140.05749997644,0.6609934432269954,-0.08549049857617701
120,space,prac,0.7,1532.786599965766,0.8849181444440065,0.23203067797407845
120,space,test,0.5666666666666667,1480.5852499945704,0.3248587452825715,-8.326672684688674e-17
120,word,prac,0.6,1472.2185666517667,0.4208567884958495,-6.938893903907228e-17
120,word,test,NA,NA,NA,NA
121,digit,prac,0.5,1834.9843499890999,0,0.2104283942479247
121,digit,test,0.4,1812.9496866604313,-0.4917207196194079,-0.08343098716841828
121,space,prac,0.5,1697.893750009825,0,0.2104283942479247
121,space,test,0.43333333333333335,1532.8413769199815,-0.3248587452825715,-8.326672684688674e-17
121,word,prac,0.4,1767.11635000538,-0.464061355948157,0.4424590722220032
121,word,test,0.38333333333333336,1527.7586538398364,-0.6001787759898455,0.30008938799492274
122,digit,prac,0.3,1856.0145999945248,-1.1725657328527141,0.7967112606742817
122,digit,test,0.38333333333333336,2100.546006244258,-0.5742975700154429,-0.04214256197040077
122,space,prac,0.7,1429.5343999983752,0.8849181444440064,-0.2320306779740785
122,space,test,0.48333333333333334,1383.683361540674,-0.08428512394080154,0.28714878500772145
122,word,prac,0.6,1504.451540007722,0.4640613559481569,-0.44245907222200326
122,word,test,0.55,1569.2027423132317,0.2450062230373207,0.12250311151866035
123,digit,prac,0.6,1462.981759989633,0.4208567884958495,-6.938893903907228e-17
123,digit,test,0.5833333333333334,1203.713059989968,0.4159872201896748,0.2079936100948374
123,space,prac,0.7,1777.7145666574731,0.8849181444440064,-0.2320306779740785
123,space,test,0.55,1639.9070153912853,0.2450062230373207,0.12250311151866035
123,word,prac,0.8,1791.3154599955299,1.5934225213485635,0.586282866426357
123,word,test,0.6333333333333333,1797.2828416629152,0.6811260664711414,0.2596157427542748
124,digit,prac,0.5,940.245999999751,0,-0.21042839424792484
124,digit,test,0.5666666666666667,908.3590107143857,0.32595351351861657,0.0820294662780124
124,space,prac,0.6,1202.226725000401,0.464061355948157,0.4424590722220032
124,space,test,0.43333333333333335,1060.4649478267195,-0.39155382193040156,0.6117641311548756
124,word,prac,0.5,1670.383399999264,0,0.6744897501960817
124,word,test,0.4666666666666667,1006.4169000001253,-0.2073622661302309,0.7038599090549609
125,digit,prac,0.5,1636.93343332852,0,0.6744897501960817
125,digit,test,0.4166666666666667,1689.7775461548006,-0.4159872201896748,0.2079936100948374
125,space,prac,0.5,1822.2628999986534,0,0.2104283942479247
125,space,test,0.2833333333333333,1489.0776666696183,-1.1061124301556573,-0.04712256091201683
125,word,prac,0.6,1761.8265600001919,0.464061355948157,0.4424590722220032
125,word,test,0.45,1706.044107403917,-0.26092743112849115,0.37546993860156624
126,digit,prac,0.3,2108.721420005896,-0.8849181444440064,-0.2320306779740785
126,digit,test,0.65,1401.100453332765,0.7626081486311314,0.2188747016742798
126,space,prac,0.6,1531.7667750059625,0.464061355948157,0.4424590722220032
126,space,test,0.6666666666666666,1509.1567344819034,0.8451849990271662,0.1775862764762624
126,word,prac,0.7,1876.93266667581,1.1725657328527133,-0.7967112606742814
126,word,test,0.5333333333333333,1493.6382642897252,0.16405893255602466,0.16297675675930837
127,digit,prac,0.5,2048.368480004136,0,0.2104283942479247
127,digit,test,0.5166666666666667,1241.5568000020962,0.08428512394080154,0.28714878500772145
127,space,prac,0.8,1718.302925008175,1.5934225213485635,0.586282866426357
127,space,test,0.6166666666666667,1307.9751666669765,0.7281228815082588,0.6933527877322516
127,word,prac,0.4,1311.7159666629332,-0.4208567884958495,-6.938893903907228e-17
127,word,test,0.48333333333333334,1801.756699997222,-0.08669587321155259,0.37263928358389853
128,digit,prac,0.5,863.4306666693486,0,0.2104283942479247
128,digit,test,0.5666666666666667,1205.0825461516904,0.3350399297083788,0.24846725533548542
128,space,prac,0.9,2161.292139987928,2.0574838772967206,0.3542521884522785
128,space,test,0.8166666666666667,1604.6390357130024,1.7575044410939478,-0.17866200793940712
128,word,prac,0.5,2175.9995500033274,0,0.2104283942479247
128,word,test,0.5833333333333334,1731.123831036805,0.5092573396644768,0.6706158900219132
129,digit,prac,0.4,1609.9650749674774,-0.464061355948157,0.4424590722220032
129,digit,test,0.36666666666666664,1789.9223285702258,-0.6811260664711414,0.2596157427542748
129,space,prac,0.4,2169.9582999863223,-0.464061355948157,0.4424590722220032
129,space,test,0.45,1385.8946538530288,-0.2450062230373207,0.12250311151866035
129,word,prac,0.6,1746.3124249916275,0.464061355948157,0.4424590722220032
129,word,test,0.5333333333333333,1720.9838066676946,0.17664230718768958,0.417612500571967
13,digit,prac,0.8,1109.1420999728145,1.5934225213485629,-0.5862828664263566
13,digit,test,0.8666666666666667,1103.8012200035157,2.1364766907754964,0.14299378553359665
13,space,prac,0.8,917.9393600672486,1.5934225213485635,0.586282866426357
13,space,test,0.9,831.2375552165481,2.4581592896169573,0.17166541632209775
13,word,prac,0.6,1228.5828599706292,0.4640613559481569,-0.44245907222200326
13,word,test,0.7666666666666667,1188.644379313136,1.4311782140199636,0.20965545284416987
130,digit,prac,0.4,2032.5173999881367,-0.4208567884958495,-6.938893903907228e-17
130,digit,test,0.6166666666666667,907.3367555651607,0.5784165928309607,0.12677892377419447
130,space,prac,0.6,1566.1422666938367,0.4208567884958495,-6.938893903907228e-17
130,space,test,0.7333333333333333,1375.2602076901185,1.254535906832274,0.2979766064380147
130,word,prac,0.7,1817.556559992954,0.8849181444440065,0.23203067797407845
130,word,test,0.7166666666666667,1712.6644535705323,1.1061124301556573,-0.04712256091201683
131,digit,prac,0.5,1976.7442333395566,0,0.2104283942479247
131,digit,test,0.6333333333333333,1584.5417821443075,0.6683630268070976,-0.17175214076226314
131,space,prac,0.6,1708.9640000049276,0.464061355948157,0.4424590722220032
131,space,test,0.6333333333333333,1669.363985709165,0.6609934432269955,0.08549049857617706
131,word,prac,0.7,1823.234799987405,0.8849181444440065,0.23203067797407845
131,word,test,0.5833333333333334,1768.376411545502,0.47824969514195415,0.5684161945490993
132,digit,prac,0.6,1667.2368599567565,0.464061355948157,0.4424590722220032
132,digit,test,0.45,1029.6122807776549,-0.27088742901172325,0.46473506148398386
132,space,prac,0.3,785.5137250153348,-0.8849181444440065,0.23203067797407845
132,space,test,0.4,896.2435521762408,-0.5376608399662811,0.4312597926244262
132,word,prac,0.3,1902.32800001589,-1.1725657328527141,0.7967112606742817
132,word,test,0.4,1306.1782142737818,-0.5959532128760294,0.627267953416137
133,digit,prac,0.4,1554.9013599986206,-0.4640613559481569,-0.44245907222200326
133,digit,test,0.45,1446.785255572413,-0.2450062230373207,-0.12250311151866035
133,space,prac,0.6,779.7355666601413,0.464061355948157,0.4424590722220032
133,space,test,0.5,1158.6395724082427,0,-0
133,word,prac,0.4,1827.5451750087075,-0.4208567884958495,-6.938893903907228e-17
133,word,test,0.4666666666666667,871.4200153705087,-0.16242937264128585,-0.08121468632064292
14,digit,prac,0.6,2269.237619964406,0.464061355948157,0.4424590722220032
14,digit,test,0.5333333333333333,1462.7797272564326,0.16405893255602466,0.16297675675930837
14,space,prac,0.5,1846.19310009293,0,0.6744897501960817
14,space,test,0.6333333333333333,1360.523736663162,0.7000902126075668,0.3500451063037834
14,word,prac,0.6,1635.53497492103,0.464061355948157,0.4424590722220032
14,word,test,0.2833333333333333,1747.0644823111147,-1.2198436011276668,0.44749242792254756
140,digit,prac,0.5,1320.187275006905,0,-0.21042839424792484
140,digit,test,0.6833333333333333,1201.516363332242,0.9294701229679677,-0.13544371450586162
140,space,prac,0.6,1405.379380000522,0.4640613559481569,-0.44245907222200326
140,space,test,0.5166666666666667,1527.3263566671324,0.08148208215998995,-0.12168833156129087
140,word,prac,0.6,1451.508199999808,0.464061355948157,0.4424590722220032
140,word,test,0.7,1324.9179000000968,1.0118673083316239,-5.551115123125783e-17
141,digit,prac,0.8,944.3552600001574,1.3489795003921634,-0
141,digit,test,0.55,1058.4931103446156,0.2450062230373207,-0.12250311151866035
141,space,prac,0.6,1071.8003799993312,0.4208567884958495,-6.938893903907228e-17
141,space,test,0.6333333333333333,1195.9503866667853,0.6609934432269955,0.08549049857617706
141,word,prac,0.5,1581.94730000044,0,0.2104283942479247
141,word,test,0.5166666666666667,1241.5273275860125,0.0809472904812959,-0.04047364524064795
142,digit,prac,0.7,1654.7710400001959,0.8849181444440065,0.23203067797407845
142,digit,test,0.65,1164.2913499998556,0.7810375030888627,0.30957146106313543
142,space,prac,0.5,1392.5448000009067,0,0.2104283942479247
142,space,test,0.48333333333333334,1379.88130384628,-0.08428512394080154,0.28714878500772145
142,word,prac,0.8,1406.7442399995339,1.5934225213485629,-0.5862828664263566
142,word,test,0.6333333333333333,1473.7308866665749,0.6811260664711414,0.2596157427542748
143,digit,prac,0.5,1276.224974999424,0,0.2104283942479247
143,digit,test,0.43333333333333335,1126.1606961533496,-0.3248587452825715,-8.326672684688674e-17
143,space,prac,0.7,1297.5934000016427,0.8849181444440065,0.23203067797407845
143,space,test,0.8,1554.1537214280015,1.6575930044762264,0.22861772624826776
143,word,prac,0.6,1780.7724499998576,0.4208567884958495,-6.938893903907228e-17
143,word,test,0.6333333333333333,1203.0490500009582,0.6609934432269954,-0.08549049857617701
144,digit,prac,0.8,1295.3325000009497,1.3489795003921634,-0
144,digit,test,0.6666666666666666,1121.8131965524037,0.8352250011439342,-0.08832115359384485
144,space,prac,0.8,1597.3416999913725,1.5934225213485635,0.586282866426357
144,space,test,0.5333333333333333,911.7114428538897,0.16242937264128585,-0.08121468632064292
144,word,prac,0.8,1425.3215000033379,1.5934225213485635,0.586282866426357
144,word,test,0.5333333333333333,1353.085207142742,0.16242937264128568,0.08121468632064284
145,digit,prac,0.6,901.7598999998885,0.4640613559481569,-0.44245907222200326
145,digit,test,0.6166666666666667,1339.941858621074,0.6001787759898455,-0.30008938799492274
145,space,prac,0.6,1260.2109333286833,0.4640613559481569,-0.44245907222200326
145,space,test,0.38333333333333336,1555.305266661648,-0.6191429221262709,-0.39051875154443133
145,word,prac,0.5,1251.5545199974435,0,-0.21042839424792484
145,word,test,0.6166666666666667,1573.625469231046,0.5784165928309604,-0.12677892377419453
146,digit,prac,0.6,1180.219139996916,0.4640613559481569,-0.44245907222200326
146,digit,test,0.5833333333333334,1213.5970346123663,0.4074355956786064,-0.04128842519801751
146,space,prac,0.3,1036.0345500230335,-0.8849181444440064,-0.2320306779740785
146,space,test,0.36666666666666664,1191.589844445438,-0.6609934432269955,0.08549049857617706
146,word,prac,0.5,1071.1334199993878,0,-0.21042839424792484
146,word,test,0.6333333333333333,1078.858382141334,0.6811260664711414,0.2596157427542748
147,digit,prac,0.4,1848.8731333054566,-0.4208567884958495,-6.938893903907228e-17
147,digit,test,0.38333333333333336,1196.6323999983551,-0.680238336816831,-0.5851253914457362
147,space,prac,0.7,1487.9960333152367,0.8849181444440064,-0.2320306779740785
147,space,test,0.5,1128.0579269290547,0,0.6001787759898455
147,word,prac,0.7,1819.9786499899324,1.1725657328527141,0.7967112606742817
147,word,test,0.6,1181.6487862078216,0.5059336541658118,0.2529668270829059
148,digit,prac,0.3,1885.0898334058,-1.1725657328527133,-0.7967112606742814
148,digit,test,0.4,1268.3236408999874,-0.4917207196194079,-0.08343098716841828
148,space,prac,0.5,1719.651560042986,0,-0.21042839424792484
148,space,test,0.6166666666666667,1204.7921896486644,0.5742975700154429,0.04214256197040077
148,word,prac,0.5,1516.7085000081006,0,-0.21042839424792484
148,word,test,0.5333333333333333,1371.2611766648477,0.16242937264128568,0.08121468632064284
149,digit,prac,0.8,1661.012700037098,1.3489795003921634,-0
149,digit,test,0.75,1395.703600013318,1.3134746962858883,-0.15080369397713228
149,space,prac,0.4,1548.2721666727869,-0.464061355948157,0.4424590722220032
149,space,test,0.5166666666666667,1424.8141899743737,0.08428512394080154,0.28714878500772145
149,word,prac,0.3,1734.854200010885,-0.8849181444440064,-0.2320306779740785
149,word,test,0.23333333333333334,1553.4881428674055,-1.4077198181099217,-0.10368113306511545
15,digit,prac,0.5,1350.050924986135,0,0.2104283942479247
15,digit,test,0.7166666666666667,1200.9882461637824,1.1061124301556573,0.047122560912016775
15,space,prac,0.5,1447.6885000476625,0,0.2104283942479247
15,space,test,0.48333333333333334,1220.7087079901246,-0.09991143661772128,0.6501344942987062
15,word,prac,0.6,1722.187800053508,0.4208567884958495,-6.938893903907228e-17
15,word,test,0.5166666666666667,1454.8654275833926,0.08428512394080154,0.28714878500772145
150,digit,prac,0.5,1251.903800014408,0,-0.21042839424792484
150,digit,test,0.7333333333333333,1459.9871533495998,1.2235282623097512,-0.19577691096520078
150,space,prac,0.5,1495.7452800124902,0,-0.21042839424792484
150,space,test,0.5333333333333333,1416.465220822527,0.16242937264128568,0.08121468632064284
150,word,prac,0.7,1380.606680014172,0.8849181444440065,0.23203067797407845
150,word,test,0.6,1683.3545448266555,0.4900124460746414,-0
151,digit,prac,0.4,2411.8381000007503,-0.4640613559481569,-0.44245907222200326
151,digit,test,0.36666666666666664,1507.1169956455653,-0.6811260664711415,-0.25961574275427474
151,space,prac,0.4,1877.199049980845,-0.464061355948157,0.4424590722220032
151,space,test,0.55,1742.5875370326034,0.2450062230373207,0.12250311151866035
151,word,prac,0.4,1373.8184999965601,-0.4208567884958495,-6.938893903907228e-17
151,word,test,0.48333333333333334,1635.393104161872,-0.08257685039603485,-0.20371779783930327
152,digit,prac,0.4,1051.0056400205947,-0.4208567884958495,-6.938893903907228e-17
152,digit,test,0.5,923.567391670077,0,-0.2450062230373207
152,space,prac,0.4,1154.178520012645,-0.4208567884958495,-6.938893903907228e-17
152,space,test,0.5,790.3603933402343,0,-0.16242937264128585
152,word,prac,0.4,1253.9864750287975,-0.4640613559481569,-0.44245907222200326
152,word,test,NA,NA,NA,NA
153,digit,prac,0.7,1485.4301600018534,0.8849181444440064,-0.2320306779740785
153,digit,test,0.5666666666666667,1031.2615199984673,0.37079886562944453,-0.5146907797928445
153,space,prac,0.5,1370.1791000057701,0,0.2104283942479247
153,space,test,0.5333333333333333,1276.5524482759977,0.16242937264128568,0.08121468632064284
153,word,prac,0.4,1194.2873599822617,-0.4640613559481569,-0.44245907222200326
153,word,test,0.5333333333333333,1247.4775344819823,0.16686197433683655,0.24586035980970394
154,digit,prac,0.4,1940.322559990454,-0.4208567884958495,-6.938893903907228e-17
154,digit,test,0.7166666666666667,1802.184773333526,1.1061124301556573,-0.04712256091201683
154,space,prac,0.4,2036.0153500078025,-0.4640613559481569,-0.44245907222200326
154,space,test,0.3333333333333333,1994.0649222181594,-0.8884883326013724,-0.3632968758193902
154,word,prac,0.4,2013.9950000157125,-0.7085043769045564,-1.0287419386483598
154,word,test,0.45,1876.9365999964068,-0.2450062230373207,-0.12250311151866035
155,digit,prac,0.6,1181.6792999976306,0.4208567884958495,-6.938893903907228e-17
155,digit,test,0.6166666666666667,917.7804833341119,0.5742975700154429,-0.04214256197040077
155,space,prac,0.4,1315.4318999974469,-0.4208567884958495,-6.938893903907228e-17
155,space,test,NA,NA,NA,NA
155,word,prac,0.6,1284.8429500045322,0.4208567884958495,-6.938893903907228e-17
155,word,test,NA,NA,NA,NA
156,digit,prac,0.7,1925.36892499993,0.8849181444440064,-0.2320306779740785
156,digit,test,0.55,1483.1093099999634,0.2483440564968262,0.20511931872970912
156,space,prac,0.3,1624.9238499999574,-0.8849181444440064,-0.2320306779740785
156,space,test,0.48333333333333334,1401.85568148135,-0.08428512394080154,0.28714878500772145
156,word,prac,0.6,1842.6708250003676,0.464061355948157,0.4424590722220032
156,word,test,0.5333333333333333,1576.7287785715775,0.18419155580017066,0.5080829980897601
157,digit,prac,0.5,1458.63823334124,0,0.2104283942479247
157,digit,test,0.5166666666666667,1323.3545586202845,0.08428512394080154,0.28714878500772145
157,space,prac,0.4,2004.0728666669265,-0.4208567884958495,-6.938893903907228e-17
157,space,test,0.45,1535.8029586209814,-0.24834405649682634,-0.20511931872970907
157,word,prac,0.7,1838.60469999854,0.8849181444440064,-0.2320306779740785
157,word,test,0.6333333333333333,1406.0304250004785,0.762815187212866,0.5438369662477187
158,digit,prac,0.4,817.7418750055958,-0.4208567884958495,-6.938893903907228e-17
158,digit,test,0.4166666666666667,991.4820172421522,-0.4074355956786064,-0.04128842519801751
158,space,prac,0.6,1280.717599997298,0.4208567884958495,-6.938893903907228e-17
158,space,test,0.6166666666666667,1148.5305700014583,0.5784165928309607,0.12677892377419447
158,word,prac,0.7,1636.188775002665,0.8849181444440064,-0.2320306779740785
158,word,test,0.6666666666666666,994.231755172348,0.8451849990271662,-0.1775862764762624
159,digit,prac,0.7,1058.709666666497,0.8849181444440064,-0.2320306779740785
159,digit,test,0.5166666666666667,826.719258333469,0.08257685039603485,-0.20371779783930327
159,space,prac,0.3,561.4387499990697,-0.8849181444440065,0.23203067797407845
159,space,test,0.38333333333333336,736.1758434784387,-0.5784165928309604,-0.12677892377419453
159,word,prac,0.5,1725.8569666640433,0,0.6744897501960817
159,word,test,0.48333333333333334,1349.319190000339,-0.08257685039603502,0.2037177978393032
16,digit,prac,0.8,1419.35953334905,1.5934225213485635,0.586282866426357
16,digit,test,0.6666666666666666,1347.7636074336863,0.8451849990271662,0.1775862764762624
16,space,prac,0.7,1513.813700061292,1.1725657328527141,0.7967112606742817
16,space,test,0.5833333333333334,1611.6191261124031,0.4249863636845158,0.2934404723235539
16,word,prac,0.4,1289.0935400966557,-0.4208567884958495,-6.938893903907228e-17
16,word,test,0.5333333333333333,1611.3895333320315,0.17098099715235412,0.33049672161349775
160,digit,prac,0.7,1095.1467799488441,0.8849181444440064,-0.2320306779740785
160,digit,test,0.5833333333333334,745.0236960127951,0.4074355956786064,-0.04128842519801751
160,space,prac,0.5,1642.64210005058,0,0.6744897501960817
160,space,test,0.4166666666666667,1079.3223845629175,-0.4249863636845158,0.2934404723235539
160,word,prac,0.5,1291.6955399792653,0,-0.21042839424792484
160,word,test,0.48333333333333334,894.5216217543932,-0.08257685039603502,0.2037177978393032
161,digit,prac,0.8,1430.5430199980042,1.3489795003921634,-0
161,digit,test,0.48333333333333334,1217.929656667305,-0.09991143661772128,0.6501344942987062
161,space,prac,NA,NA,NA,NA
161,space,test,0.5666666666666667,1244.6740758625374,0.3350399297083788,-0.2484672553354853
161,word,prac,0.5,1539.788220002084,0,0.2104283942479247
161,word,test,0.5666666666666667,1389.629426665972,0.34350428152452617,0.33418151340354874
162,digit,prac,0.6,1139.0373999718574,0.4208567884958495,-6.938893903907228e-17
162,digit,test,0.6166666666666667,1070.9205433183045,0.5784165928309607,0.12677892377419447
162,space,prac,0.5,1037.8183500724858,0,0.6744897501960817
162,space,test,0.43333333333333335,946.2216071551666,-0.3551725529525248,0.4225924995135831
162,word,prac,0.5,1740.4227250081026,0,-0.6744897501960817
162,word,test,0.5,1146.1555366753607,0,0.5059336541658118
163,digit,prac,0.4,1495.9142599953354,-0.4640613559481569,-0.44245907222200326
163,digit,test,0.48333333333333334,1336.6999999992984,-0.0809472904812959,-0.04047364524064795
163,space,prac,0.6,928.805799994734,0.464061355948157,0.4424590722220032
163,space,test,0.4666666666666667,1524.6573925908679,-0.16242937264128568,0.08121468632064284
163,word,prac,0.2,1563.1840499845603,-1.5934225213485629,-0.5862828664263566
163,word,test,0.4666666666666667,1439.5080035714532,-0.1668619743368364,-0.24586035980970405
164,digit,prac,0.4,1441.127000015696,-0.4208567884958495,-6.938893903907228e-17
164,digit,test,0.5666666666666667,1138.7617933331055,0.3350399297083788,0.24846725533548542
164,space,prac,0.6,1422.5157599663344,0.4208567884958495,-6.938893903907228e-17
164,space,test,0.43333333333333335,1178.0463000031875,-0.32595351351861657,0.0820294662780124
164,word,prac,0.4,1155.5172500084157,-0.4208567884958495,-6.938893903907228e-17
164,word,test,0.5333333333333333,1241.7191068987072,0.19415655844175495,0.6030119333866892
165,digit,prac,0.3,1759.477239986881,-0.8849181444440065,0.23203067797407845
165,digit,test,0.5833333333333334,2126.6085880156606,0.41023863745941813,0.12417202824841317
165,space,prac,0.5,1824.2804666903498,0,0.2104283942479247
165,space,test,0.26666666666666666,1922.9555499987318,-1.200357551979691,-0
165,word,prac,0.4,1679.610474995572,-0.464061355948157,0.4424590722220032
165,word,test,0.5833333333333334,1994.5493999936537,0.4074355956786064,-0.04128842519801751
166,digit,prac,0.5,1262.959560006856,0,-0.21042839424792484
166,digit,test,0.5166666666666667,764.985146420908,0.0809472904812959,-0.04047364524064795
166,space,prac,0.4,2134.322149941,-0.464061355948157,0.4424590722220032
166,space,test,0.36666666666666664,1476.6261565306675,-0.6585826939562445,-0
166,word,prac,0.8,1525.958060030826,1.3489795003921634,-0
166,word,test,0.6666666666666666,1634.6041178621817,0.8625195852488524,-0.26883041998314056
167,digit,prac,0.7,1748.069399996895,0.8849181444440064,-0.2320306779740785
167,digit,test,0.6,1040.8498266673025,0.4969345106709707,0.16751996485418946
167,space,prac,0.8,1605.0852000189473,1.5934225213485635,0.586282866426357
167,space,test,0.55,1367.6472230626343,0.24337666312258188,-0.040741041079994905
167,word,prac,0.7,1655.105219990946,0.8849181444440065,0.23203067797407845
167,word,test,0.6666666666666666,1194.0429266775025,0.8625195852488524,-0.26883041998314056
168,digit,prac,0.6,1184.671459975653,0.4208567884958495,-6.938893903907228e-17
168,digit,test,0.55,1019.7878517090056,0.24834405649682634,-0.20511931872970907
168,space,prac,0.3,1197.0351666677743,-0.8849181444440065,0.23203067797407845
168,space,test,0.5333333333333333,1002.8829576868493,0.17098099715235401,-0.3304967216134977
168,word,prac,0.3,1540.1194000151002,-0.8849181444440065,0.23203067797407845
168,word,test,0.5166666666666667,1091.7881964373266,0.08148208215998995,-0.12168833156129087
169,digit,prac,0.2,1346.4156500121999,-1.3489795003921634,-0
169,digit,test,0.5166666666666667,917.3996999894304,0.08094729048129604,0.04047364524064802
169,space,prac,0.2,1444.8252199916174,-1.3489795003921634,-0
169,space,test,0.31666666666666665,768.7014814906036,-0.9219208743554865,0.044973216988068554
169,word,prac,0.8,1420.791419991292,1.5934225213485635,0.586282866426357
169,word,test,0.55,898.769179995482,0.27088742901172325,0.46473506148398386
17,digit,prac,1,1008.801049960311,2.765988254201277,3.3306690738754696e-16
17,digit,test,0.8833333333333333,1263.0682266860574,2.3259896209847284,0.23775025063821242
17,space,prac,0.5,1842.2973749693501,0,-0.21042839424792484
17,space,test,0.7833333333333333,1561.0366777723873,1.6272193511110196,0.3976224553658351
17,word,prac,1,1379.02103997767,2.765988254201277,3.3306690738754696e-16
17,word,test,0.7833333333333333,1430.7299259256718,1.525423335843997,-0.1625328919321531
170,digit,prac,0.6,1194.3359999859256,0.4208567884958495,-6.938893903907228e-17
170,digit,test,0.36666666666666664,894.66268461323,-0.6585826939562445,-0
170,space,prac,0.5,1674.04139996506,0,-0.21042839424792484
170,space,test,0.48333333333333334,1364.7723066542924,-0.08094729048129604,0.04047364524064802
170,word,prac,0.7,1242.7702799905098,0.8849181444440065,0.23203067797407845
170,word,test,0.5333333333333333,947.1858827525692,0.16405893255602466,0.16297675675930837
171,digit,prac,0.3,1002.8205999988146,-0.8849181444440065,0.23203067797407845
171,digit,test,0.26666666666666666,1624.3481866627303,-1.200357551979691,-0
171,space,prac,0.3,1740.2916499850126,-0.8849181444440064,-0.2320306779740785
171,space,test,0.45,927.8245103457173,-0.2483440564968262,0.20511931872970912
171,word,prac,0.5,1235.2494499937195,0,0.2104283942479247
171,word,test,0.48333333333333334,1622.8324233399082,-0.08148208215998964,0.12168833156129086
172,digit,prac,0.3,1873.4083000017558,-0.8849181444440064,-0.2320306779740785
172,digit,test,0.55,1221.2538269276802,0.25355784754838917,0.28920829641548024
172,space,prac,0.7,1498.71960000601,0.8849181444440065,0.23203067797407845
172,space,test,0.6833333333333333,1048.1648678583686,1.0061918503354477,0.4221486346864279
172,word,prac,0.7,903.2396750117198,0.8849181444440065,0.23203067797407845
172,word,test,0.6166666666666667,1265.6880999919458,0.5784165928309607,0.12677892377419447
173,digit,prac,0.4,861.928050013376,-0.4208567884958495,-6.938893903907228e-17
173,digit,test,0.5,916.6781166665412,0,-0.0809472904812959
173,space,prac,0.5,1596.604480000678,0,0.2104283942479247
173,space,test,0.48333333333333334,1035.9973916686918,-0.08257685039603502,0.2037177978393032
173,word,prac,0.5,1135.8877500024387,0,0.2104283942479247
173,word,test,0.5166666666666667,1104.4561769231227,0.08094729048129604,0.04047364524064802
174,digit,prac,0.7,1174.0780666780931,0.8849181444440064,-0.2320306779740785
174,digit,test,0.6166666666666667,1243.370556670318,0.5742975700154429,-0.04214256197040077
174,space,prac,0.4,2257.495079981164,-0.4640613559481569,-0.44245907222200326
174,space,test,0.4666666666666667,1045.9914807736195,-0.16189458096259193,6.938893903907228e-17
174,word,prac,0.4,1511.461019993294,-0.4208567884958495,-6.938893903907228e-17
174,word,test,0.5833333333333334,1113.1782319978818,0.40743559567860654,0.041288425198017425
175,digit,prac,0.4,1110.658200006584,-0.4208567884958495,-6.938893903907228e-17
175,digit,test,0.5833333333333334,954.1931214272544,0.41023863745941824,-0.1241720282484131
175,space,prac,0.6,1361.8729250010797,0.464061355948157,0.4424590722220032
175,space,test,0.4166666666666667,954.9277551664871,-0.47824969514195415,0.5684161945490993
175,word,prac,0.2,1372.25950000575,-1.3489795003921634,-0
175,word,test,0.4666666666666667,897.9115538487137,-0.16405893255602466,0.16297675675930837
176,digit,prac,0.5,1174.179775000084,0,-0.21042839424792484
176,digit,test,0.4666666666666667,1335.254185710385,-0.16405893255602466,0.16297675675930837
176,space,prac,0.7,2059.783880005124,1.1725657328527141,0.7967112606742817
176,space,test,0.5,1286.5833689715578,0,0.4159872201896748
176,word,prac,0.7,1864.80963336847,1.1725657328527141,0.7967112606742817
176,word,test,0.5833333333333334,1612.5300000060422,0.4159872201896748,0.2079936100948374
177,digit,prac,0.7,1307.175139966422,0.8849181444440065,0.23203067797407845
177,digit,test,0.5,1248.7419607225877,0,-0.32929134697812223
177,space,prac,0.5,2004.32224999531,0,0.2104283942479247
177,space,test,0.48333333333333334,1514.7467862035878,-0.0809472904812959,-0.04047364524064795
177,word,prac,0.4,1639.328075019874,-0.4208567884958495,-6.938893903907228e-17
177,word,test,NA,NA,NA,NA
178,digit,prac,0.6,992.529674986146,0.4640613559481569,-0.44245907222200326
178,digit,test,0.5,1109.837678577086,0,-0.16242937264128585
178,space,prac,0.5,1651.6546999919224,0,0.2104283942479247
178,space,test,0.43333333333333335,1046.0913640027861,-0.32595351351861657,0.0820294662780124
178,word,prac,0.6,1469.42973334808,0.4640613559481569,-0.44245907222200326
178,word,test,0.6666666666666666,1297.7430000007312,0.9252445598541517,-0.46262227992707583
179,digit,prac,0.4,959.32892500059,-0.4208567884958495,-6.938893903907228e-17
179,digit,test,0.5,1118.616732143112,0,-0
179,space,prac,0.7,1694.9808399996969,0.8849181444440064,-0.2320306779740785
179,space,test,0.38333333333333336,1086.9564296298006,-0.5784165928309607,0.12677892377419447
179,word,prac,0.6,1373.988720000124,0.4208567884958495,-6.938893903907228e-17
179,word,test,0.4166666666666667,1354.3043857139958,-0.41023863745941813,0.12417202824841317
18,digit,prac,1,1627.884460007772,2.765988254201277,3.3306690738754696e-16
18,digit,test,0.75,1652.8062856855936,1.3134746962858883,0.15080369397713222
18,space,prac,0.8,1744.602460041642,1.3489795003921634,-0
18,space,test,0.7166666666666667,1678.7096785763947,1.1368323890981986,0.23912484757097707
18,word,prac,0.6,1916.272719949482,0.4208567884958495,-6.938893903907228e-17
18,word,test,0.48333333333333334,1431.5426652117255,-0.08428512394080154,0.28714878500772145
180,digit,prac,0.5,1950.1239000019275,0,-0.6744897501960817
180,digit,test,0.5333333333333333,1166.4834033338896,0.16242937264128585,-0.08121468632064292
180,space,prac,0.1,1109.6800333277024,-2.0574838772967206,0.3542521884522785
180,space,test,0.4166666666666667,1068.18306363791,-0.4159872201896747,-0.20799361009483736
180,word,prac,0.8,1089.6258750035497,1.5934225213485635,0.586282866426357
180,word,test,0.5166666666666667,1144.2939384600886,0.08257685039603502,0.2037177978393032
181,digit,prac,0.4,1760.4429499988298,-0.4208567884958495,-6.938893903907228e-17
181,digit,test,0.5166666666666667,790.0651555537482,0.08148208215998995,-0.12168833156129087
181,space,prac,0.5,1210.896959996898,0,-0.21042839424792484
181,space,test,0.5,1011.4285066675321,0,-0.16242937264128585
181,word,prac,0.4,1537.5957999979935,-0.464061355948157,0.4424590722220032
181,word,test,0.55,1311.9843724145599,0.2450062230373207,0.12250311151866035
182,digit,prac,0.3,1325.0461799998436,-0.8849181444440064,-0.2320306779740785
182,digit,test,0.5,907.5305551723425,0,-0.4159872201896747
182,space,prac,0.4,1214.6097750003257,-0.464061355948157,0.4424590722220032
182,space,test,0.5833333333333334,1198.3555319998407,0.4550839895702461,0.4725482178224437
182,word,prac,0.4,1028.7247999998124,-0.4208567884958495,-6.938893903907228e-17
182,word,test,NA,NA,NA,NA
183,digit,prac,0.6,1618.106380006066,0.4208567884958495,-6.938893903907228e-17
183,digit,test,0.7,1719.8744620726407,1.138361518967677,0.48823346900254255
183,space,prac,0.6,1588.4184250026026,0.4640613559481569,-0.44245907222200326
183,space,test,0.6,1528.644496296895,0.4969345106709707,-0.16751996485418935
183,word,prac,0.8,2226.956879993668,1.5934225213485635,0.586282866426357
183,word,test,0.5666666666666667,2021.3712249990622,0.32595351351861657,0.0820294662780124
184,digit,prac,0.7,1508.295900002122,0.8849181444440065,0.23203067797407845
184,digit,test,0.6333333333333333,1014.9231307710023,0.6609934432269955,0.08549049857617706
184,space,prac,0.4,1476.6188499925195,-0.4208567884958495,-6.938893903907228e-17
184,space,test,0.36666666666666664,1353.3567999930765,-0.6609934432269955,0.08549049857617706
184,word,prac,0.5,1002.0400999928835,0,-0.21042839424792484
184,word,test,0.5,1041.0948481574576,0,-0.0809472904812959
185,digit,prac,0.8,1814.148500002922,1.3489795003921634,-0
185,digit,test,0.6333333333333333,1465.6232344789494,0.6683630268070977,0.17175214076226297
185,space,prac,0.5,1330.8891499909826,0,0.2104283942479247
185,space,test,0.7833333333333333,1210.4397766641343,1.5076312547276431,-0.05372541475625481
185,word,prac,0.6,1697.4967249989274,0.4208567884958495,-6.938893903907228e-17
185,word,test,0.65,1523.224882757419,0.7626081486311314,0.2188747016742798
186,digit,prac,0.9,1328.0609999977366,2.0574838772967197,-0.3542521884522782
186,digit,test,0.8333333333333334,1199.8695551722858,1.9113223435289117,-0.2555709591568891
186,space,prac,0.4,1437.1694249857694,-0.4640613559481569,-0.44245907222200326
186,space,test,0.5666666666666667,788.4485259246838,0.34350428152452617,0.33418151340354874
186,word,prac,0.8,1695.743520010728,1.5934225213485635,0.586282866426357
186,word,test,0.7833333333333333,1362.604241380629,1.9057038335913623,0.7078456937583605
187,digit,prac,0.4,1866.513260011564,-0.4208567884958495,-6.938893903907228e-17
187,digit,test,0.5833333333333334,1256.8976423174788,0.4159872201896747,-0.20799361009483736
187,space,prac,0.6,1457.44180001202,0.4208567884958495,-6.938893903907228e-17
187,space,test,0.5,1542.0093199983244,0,0.16242937264128568
187,word,prac,0.6,1475.195120018908,0.4208567884958495,-6.938893903907228e-17
187,word,test,0.6333333333333333,1502.7922071499881,0.6609934432269955,0.08549049857617706
188,digit,prac,0.5,2490.6835999972823,0,-0.21042839424792484
188,digit,test,0.5666666666666667,1213.2858846133986,0.32929134697812223,0.16464567348906112
188,space,prac,0.8,1385.6963999969598,1.3489795003921634,-0
188,space,test,0.6,1117.3433076904842,0.4900124460746414,-0
188,word,prac,0.5,1325.0490400008853,0,0.2104283942479247
188,word,test,0.7333333333333333,1306.8073068967235,1.200357551979691,-0
189,digit,prac,0.4,1185.0467799998098,-0.4640613559481569,-0.44245907222200326
189,digit,test,0.48333333333333334,547.9449206896038,-0.08148208215998964,0.12168833156129086
189,space,prac,0.4,884.2517000000511,-0.4208567884958495,-6.938893903907228e-17
189,space,test,0.55,774.1304099999903,0.24337666312258158,0.04074104107999489
189,word,prac,0.6,1312.3267199999627,0.464061355948157,0.4424590722220032
189,word,test,0.5333333333333333,920.7882259258816,0.16242937264128568,0.08121468632064284
190,digit,prac,0.8,1189.9722599890072,1.3489795003921634,-0
190,digit,test,0.4166666666666667,831.9576461575559,-0.40743559567860654,0.041288425198017425
190,space,prac,0.4,1338.7879249930847,-0.4208567884958495,-6.938893903907228e-17
190,space,test,0.35,1087.8215851801172,-0.7509398772031325,0.13046371556424557
190,word,prac,0.3,1854.9983999885933,-0.8849181444440065,0.23203067797407845
190,word,test,0.5,1055.0943862040656,0,-0.2450062230373207
191,digit,prac,0.5,1574.22807998955,0,-0.6744897501960817
191,digit,test,0.5166666666666667,1625.7380758620923,0.08148208215998964,0.12168833156129086
191,space,prac,0.7,1348.0119599844313,1.1725657328527141,0.7967112606742817
191,space,test,0.55,1499.1538172431199,0.2483440564968262,0.20511931872970912
191,word,prac,0.6,1600.5717599997279,0.464061355948157,0.4424590722220032
191,word,test,0.6,988.8674586184383,0.4900124460746414,-0
192,digit,prac,0.6,2076.368140033446,0.4640613559481569,-0.44245907222200326
192,digit,test,0.8333333333333334,1205.657131038606,1.8504891197083033,-0
192,space,prac,0.8,1014.4012250239034,1.3489795003921634,-0
192,space,test,0.8166666666666667,1402.650616682755,1.7575044410939478,0.17866200793940712
192,word,prac,0.8,1123.377640009856,1.5934225213485635,0.586282866426357
192,word,test,0.8,1098.7779159937054,1.6575930044762264,0.22861772624826776
193,digit,prac,0.7,1263.9951400225975,0.8849181444440065,0.23203067797407845
193,digit,test,0.6333333333333333,860.3742069018812,0.6683630268070977,0.17175214076226297
193,space,prac,0.6,1069.3745000171475,0.4208567884958495,-6.938893903907228e-17
193,space,test,0.5166666666666667,845.330630006113,0.0809472904812959,-0.04047364524064795
193,word,prac,0.4,824.0634750400218,-0.4208567884958495,-6.938893903907228e-17
193,word,test,0.55,975.527896147329,0.2450062230373207,0.12250311151866035
2,digit,prac,0.9,1635.8936332787066,2.0574838772967197,-0.3542521884522782
2,digit,test,0.8333333333333334,1516.1700214043126,1.8504891197083033,-0
2,space,prac,0.8,1728.6647500004624,1.5934225213485635,0.586282866426357
2,space,test,0.5333333333333333,1577.336875003917,0.16189458096259193,6.938893903907228e-17
2,word,prac,0.5,1497.014199988917,0,-0.6744897501960817
2,word,test,0.5833333333333334,1601.0812480002637,0.40743559567860654,0.041288425198017425
20,digit,prac,0.8,1255.3025750676165,1.3489795003921634,-0
20,digit,test,0.7833333333333333,1201.1320851570754,1.5076312547276431,0.05372541475625481
20,space,prac,1,1243.445999966935,2.765988254201277,3.3306690738754696e-16
20,space,test,0.7833333333333333,1432.26443214475,1.525423335843997,0.1625328919321531
20,word,prac,0.6,1236.0701000317947,0.4640613559481569,-0.44245907222200326
20,word,test,0.8333333333333334,1354.645289256171,1.9113223435289117,0.2555709591568891
21,digit,prac,0.6,2202.908759983258,0.4640613559481569,-0.44245907222200326
21,digit,test,0.6333333333333333,1851.153788443367,0.6811260664711414,0.2596157427542748
21,space,prac,0.7,2096.8532600440103,0.8849181444440065,0.23203067797407845
21,space,test,0.7333333333333333,1638.7422827377527,1.2060238667733787,0.09707827922087742
21,word,prac,0.5,1689.919479982926,0,-0.21042839424792484
21,word,test,0.7166666666666667,1759.4922766632706,1.1702507828914723,0.3401191684084155
22,digit,prac,0.7,1138.191080000252,0.8849181444440064,-0.2320306779740785
22,digit,test,0.6166666666666667,978.8333071462281,0.5784165928309607,0.12677892377419447
22,space,prac,0.5,1107.1027399972083,0,-0.21042839424792484
22,space,test,0.8333333333333334,899.4073499692606,1.8504891197083033,-0
22,word,prac,0.7,1175.16869997295,1.1725657328527141,0.7967112606742817
22,word,test,0.6166666666666667,929.3682833279797,0.5742975700154429,0.04214256197040077
23,digit,prac,0.9,1564.8425250547,2.0574838772967197,-0.3542521884522782
23,digit,test,0.7,1243.929593077186,1.0161659961795202,-0.09209577790008533
23,space,prac,0.7,1382.3160666506733,0.8849181444440065,0.23203067797407845
23,space,test,0.7166666666666667,1132.689900022732,1.1368323890981986,0.23912484757097707
23,word,prac,0.8,1126.4215000749866,1.3489795003921634,-0
23,word,test,0.7333333333333333,1139.0066275870877,1.254535906832274,0.2979766064380147
24,digit,prac,0.8,1165.7945250044581,1.5934225213485629,-0.5862828664263566
24,digit,test,0.6,1562.1188307772031,0.4917207196194081,0.0834309871684182
24,space,prac,0.7,1743.558440031484,1.1725657328527141,0.7967112606742817
24,space,test,0.6666666666666666,1347.8839923000817,0.8625195852488526,0.26883041998314045
24,word,prac,0.5,1820.7410250324751,0,-0.21042839424792484
24,word,test,0.4666666666666667,1644.0217280294742,-0.16686197433683655,0.24586035980970394
25,digit,prac,0.9,1658.97407499142,2.0574838772967206,0.3542521884522785
25,digit,test,0.7166666666666667,1169.0696655082165,1.1368323890981986,-0.23912484757097707
25,space,prac,0.7,1607.8034400008619,0.8849181444440064,-0.2320306779740785
25,space,test,0.8,1433.00202069804,1.6253347724617184,-0.11257717362329245
25,word,prac,0.7,1080.2980749867872,0.8849181444440064,-0.2320306779740785
25,word,test,0.7166666666666667,1365.3507928746483,1.1368323890981986,-0.23912484757097707
26,digit,prac,0.7,1535.160099994392,0.8849181444440065,0.23203067797407845
26,digit,test,0.7166666666666667,1068.3739966480064,1.1368323890981986,-0.23912484757097707
26,space,prac,0.8,1782.76076000184,1.5934225213485635,0.586282866426357
26,space,test,0.6333333333333333,1174.1698448032398,0.6585826939562445,-0
26,word,prac,0.5,1827.12333338956,0,0.2104283942479247
26,word,test,0.6166666666666667,1284.357234450249,0.5868809446471077,0.21249318184225796
27,digit,prac,0.9,1552.591439941898,2.0574838772967197,-0.3542521884522782
27,digit,test,0.8666666666666667,1072.9642827465234,2.114828456972762,-0
27,space,prac,0.5,1090.8618333439067,0,0.6744897501960817
27,space,test,0.6,1235.316499995453,0.5059336541658118,0.2529668270829059
27,word,prac,0.8,1231.4765600021922,1.5934225213485635,0.586282866426357
27,word,test,0.7666666666666667,1245.0720517382279,1.6457512841678972,0.5778694190466279
28,digit,prac,1,1273.6294200178236,2.765988254201277,3.3306690738754696e-16
28,digit,test,0.6333333333333333,1218.253970006481,0.6683630268070977,0.17175214076226297
28,space,prac,0.5,1642.4830667674532,0,-0.6744897501960817
28,space,test,0.55,1207.3762714114437,0.24337666312258188,-0.040741041079994905
28,word,prac,0.5,1321.3799999794,0,0.2104283942479247
28,word,test,0.6166666666666667,1535.5829103801664,0.5742975700154429,-0.04214256197040077
29,digit,prac,0.5,2180.991400033235,0,-0.21042839424792484
29,digit,test,0.6,1556.2983464333224,0.4900124460746414,-0
29,space,prac,0.7,1568.002824962605,0.8849181444440065,0.23203067797407845
29,space,test,0.48333333333333334,1381.2087428689533,-0.08257685039603502,0.2037177978393032
29,word,prac,0.5,1725.896400026976,0,-0.21042839424792484
29,word,test,0.5666666666666667,1381.0765384427773,0.3248587452825715,-8.326672684688674e-17
3,digit,prac,1,1215.0470250053324,2.765988254201277,3.3306690738754696e-16
3,digit,test,0.95,972.80191072163,3.352430251893363,0.4649829950253367
3,space,prac,0.6,1191.6146399918941,0.4208567884958495,-6.938893903907228e-17
3,space,test,0.7833333333333333,1048.2962666320857,1.525423335843997,0.1625328919321531
3,word,prac,1,1038.9272399712358,2.765988254201277,3.3306690738754696e-16
3,word,test,0.95,956.6206241444011,3.061442671684618,-0.12997627471173256
30,digit,prac,0.5,2058.0593666527434,0,-0.21042839424792484
30,digit,test,0.6833333333333333,1558.346345846075,0.9699704147613623,0.32255583473939525
30,space,prac,0.6,1683.9136999333275,0.464061355948157,0.4424590722220032
30,space,test,0.4666666666666667,1799.0751304339778,-0.16405893255602466,0.16297675675930837
30,word,prac,0.4,1831.6533750039525,-0.4208567884958495,-6.938893903907228e-17
30,word,test,0.7166666666666667,1730.8471519872535,1.1368323890981986,0.23912484757097707
31,digit,prac,0.5,1102.3975799791524,0,-0.6744897501960817
31,digit,test,0.5666666666666667,1175.1612733273455,0.3551725529525248,-0.4225924995135831
31,space,prac,0.6,1101.6479599755244,0.4640613559481569,-0.44245907222200326
31,space,test,0.5333333333333333,1437.2563799998416,0.16686197433683655,0.24586035980970394
31,word,prac,0.8,1331.464780075476,1.5934225213485629,-0.5862828664263566
31,word,test,0.6166666666666667,1219.4799399934707,0.5784165928309607,0.12677892377419447
32,digit,prac,0.7,1364.973279973492,0.8849181444440065,0.23203067797407845
32,digit,test,0.7333333333333333,998.6803714418779,1.2235282623097512,0.19577691096520083
32,space,prac,0.6,1312.4058999819677,0.4208567884958495,-6.938893903907228e-17
32,space,test,0.6833333333333333,1242.679666665693,1.057414228486381,0.5287071142431905
32,word,prac,0.8,1179.4924749410725,1.5934225213485635,0.586282866426357
32,word,test,0.6333333333333333,1194.393486646004,0.6683630268070977,0.17175214076226297
33,digit,prac,0.6,1014.7821601014595,0.4640613559481569,-0.44245907222200326
33,digit,test,0.6333333333333333,1386.377210351478,0.6683630268070976,-0.17175214076226314
33,space,prac,0.5,1866.0735749872401,0,-0.21042839424792484
33,space,test,0.5833333333333334,1614.7651222051566,0.41023863745941813,0.12417202824841317
33,word,prac,0.6,1717.5850749481474,0.4208567884958495,-6.938893903907228e-17
33,word,test,0.65,1442.0183900122836,0.7452785671677971,0.043347936605776294
34,digit,prac,0.6,1465.8092600759107,0.7085043769045564,-1.0287419386483598
34,digit,test,0.48333333333333334,1316.3126142961635,-0.0809472904812959,-0.04047364524064795
34,space,prac,0.4,1382.88422493497,-0.708504376904557,1.0287419386483603
34,space,test,0.55,1155.6428066610042,0.28410299241789194,0.5580387163986208
34,word,prac,0.3,1679.85537502682,-0.8849181444440065,0.23203067797407845
34,word,test,0.4,1184.9961099990946,-0.5376608399662811,0.4312597926244262
35,digit,prac,0.7,2128.614820027724,0.8849181444440064,-0.2320306779740785
35,digit,test,0.65,1633.0836866827065,0.7509398772031326,-0.13046371556424563
35,space,prac,0.5,1640.1715500396676,0,0.2104283942479247
35,space,test,0.65,1413.8620821509642,0.745278567167797,-0.04334793660577624
35,word,prac,0.7,1488.2562499842606,0.8849181444440064,-0.2320306779740785
35,word,test,0.7,1382.1521233223991,1.0118673083316239,-5.551115123125783e-17
36,digit,prac,0.6,1500.8401332112649,0.4208567884958495,-6.938893903907228e-17
36,digit,test,0.2833333333333333,851.0566643006835,-1.1061124301556573,-0.04712256091201683
36,space,prac,0.5,1279.821199923755,0,0.2104283942479247
36,space,test,0.4666666666666667,962.4631551881155,-0.16242937264128568,0.08121468632064284
36,word,prac,0.7,1395.4223400913158,0.8849181444440064,-0.2320306779740785
36,word,test,0.8166666666666667,1057.2777500143284,1.7575044410939478,0.17866200793940712
37,digit,prac,0.5,1492.5895999767813,0,-0.6744897501960817
37,digit,test,0.5333333333333333,1433.0433356891647,0.16405893255602466,0.16297675675930837
37,space,prac,0.6,1646.7724000103776,0.4208567884958495,-6.938893903907228e-17
37,space,test,0.5333333333333333,1514.7212962792428,0.16686197433683655,0.24586035980970394
37,word,prac,0.5,1872.1719249733726,0,0.2104283942479247
37,word,test,0.43333333333333335,1473.5412393014742,-0.32929134697812223,0.16464567348906112
38,digit,prac,0.7,1400.8468200452642,0.8849181444440064,-0.2320306779740785
38,digit,test,0.7333333333333333,1067.00138997597,1.2060238667733785,-0.09707827922087747
38,space,prac,0.7,1422.296039992945,0.8849181444440065,0.23203067797407845
38,space,test,0.55,945.6606758678142,0.24337666312258188,-0.040741041079994905
38,word,prac,0.7,1159.4568250002321,0.8849181444440065,0.23203067797407845
38,word,test,0.6,1229.1005704189758,0.5059336541658119,-0.25296682708290597
39,digit,prac,0.9,1526.461840001866,2.0574838772967206,0.3542521884522785
39,digit,test,0.6833333333333333,1151.0644433554264,0.9450964356448874,-0.22754199478512305
39,space,prac,0.8,1332.036449864975,1.5934225213485635,0.586282866426357
39,space,test,0.5666666666666667,1289.9329666513947,0.3248587452825715,-8.326672684688674e-17
39,word,prac,0.7,1217.9947799537329,0.8849181444440065,0.23203067797407845
39,word,test,0.7666666666666667,1230.4802866963048,1.4077198181099217,-0.10368113306511545
4,digit,prac,0.4,443.53260000934824,-0.4208567884958495,-6.938893903907228e-17
4,digit,test,0.45,889.0993681693955,-0.24337666312258158,0.04074104107999489
4,space,prac,0.6,933.4668499650435,0.4208567884958495,-6.938893903907228e-17
4,space,test,0.5,1501.5499833505596,0,0.08094729048129604
4,word,prac,0.8,1461.133250035345,1.3489795003921634,-0
4,word,test,0.6666666666666666,1340.647579315279,0.835225001143934,0.08832115359384479
40,digit,prac,0.7,1390.0613666822533,0.8849181444440065,0.23203067797407845
40,digit,test,0.6666666666666666,1248.57298621972,0.8352250011439342,-0.08832115359384485
40,space,prac,0.5,1460.550924995915,0,0.2104283942479247
40,space,test,0.6,1296.513472442869,0.5059336541658118,0.2529668270829059
40,word,prac,0.6,1326.2687399517754,0.4640613559481569,-0.44245907222200326
40,word,test,0.7333333333333333,1541.373063328986,1.2060238667733787,0.09707827922087742
41,digit,prac,0.6,1237.9049000330274,0.4208567884958495,-6.938893903907228e-17
41,digit,test,0.7,1289.0022133244195,1.0161659961795202,-0.09209577790008533
41,space,prac,0.5,1002.1023500012233,0,-0.21042839424792484
41,space,test,0.4166666666666667,1272.3241433190801,-0.4377494033485596,-0.3813040743155657
41,word,prac,0.5,1900.0675600487739,0,-0.21042839424792484
41,word,test,0.6,1555.2000552255276,0.4917207196194079,-0.08343098716841828
42,digit,prac,0.5,1730.030639935286,0,0.2104283942479247
42,digit,test,0.6333333333333333,1286.2778653999649,0.6609934432269955,0.08549049857617706
42,space,prac,0.5,1275.1699200365688,0,-0.21042839424792484
42,space,test,0.5666666666666667,1110.8058862275739,0.32595351351861657,0.0820294662780124
42,word,prac,0.5,1294.5444999728381,0,0.2104283942479247
42,word,test,0.7166666666666667,1060.693463333882,1.1160774327972416,-0.14205149620894597
43,digit,prac,0.5,1684.2234000214382,0,0.2104283942479247
43,digit,test,0.4166666666666667,1026.7407689484417,-0.4159872201896747,-0.20799361009483736
43,space,prac,0.5,1866.4583200123159,0,0.2104283942479247
43,space,test,0.5333333333333333,1249.5050642755823,0.16405893255602466,0.16297675675930837
43,word,prac,0.6,2035.608860012144,0.4208567884958495,-6.938893903907228e-17
43,word,test,0.3,1118.4634400182392,-1.029381559585689,0.18539943281472226
44,digit,prac,0.6,1381.70402497053,0.464061355948157,0.4424590722220032
44,digit,test,0.55,1603.992294740717,0.25355784754838917,0.28920829641548024
44,space,prac,0.5,1502.7584666386233,0,0.2104283942479247
44,space,test,0.5666666666666667,1437.1162217373596,0.3248587452825715,-8.326672684688674e-17
44,word,prac,0.5,1290.6843749224192,0,-0.21042839424792484
44,word,test,0.4166666666666667,1387.0489047951107,-0.41023863745941824,-0.1241720282484131
45,digit,prac,0.7,1607.3814999777821,0.8849181444440064,-0.2320306779740785
45,digit,test,0.6,1347.844762109413,0.4969345106709707,0.16751996485418946
45,space,prac,0.9,1594.7177199181176,2.0574838772967206,0.3542521884522785
45,space,test,0.7333333333333333,1455.5856299974646,1.2060238667733787,0.09707827922087742
45,word,prac,0.6,1548.509920015932,0.4208567884958495,-6.938893903907228e-17
45,word,test,0.6666666666666666,1509.8318370421312,0.8451849990271662,0.1775862764762624
46,digit,prac,0.9,1590.8864000036067,2.0574838772967206,0.3542521884522785
46,digit,test,0.6,631.2814392731526,0.4917207196194081,0.0834309871684182
46,space,prac,0.9,1589.317539986222,2.0574838772967206,0.3542521884522785
46,space,test,0.7166666666666667,1156.9353880267595,1.1368323890981986,0.23912484757097707
46,word,prac,0.7,1702.421859931201,0.8849181444440064,-0.2320306779740785
46,word,test,0.5666666666666667,1042.5649758685252,0.32595351351861673,-0.08202946627801233
47,digit,prac,0.6,1626.3458599802088,0.4208567884958495,-6.938893903907228e-17
47,digit,test,0.45,1502.5174999967794,-0.2450062230373207,0.12250311151866035
47,space,prac,0.7,1856.861620116978,0.8849181444440065,0.23203067797407845
47,space,test,0.5833333333333334,1236.2081555787604,0.4159872201896747,-0.20799361009483736
47,word,prac,0.6,2494.0440332672233,0.464061355948157,0.4424590722220032
47,word,test,0.5,1568.8453345881917,0,-0.0809472904812959
48,digit,prac,0.5,1932.090866612271,0,0.2104283942479247
48,digit,test,0.65,1364.630379336726,0.7509398772031325,0.13046371556424557
48,space,prac,0.8,1442.8422000259159,1.3489795003921634,-0
48,space,test,0.8,1348.0400800084076,1.6253347724617184,0.11257717362329245
48,word,prac,0.9,1352.4508600123224,2.0574838772967206,0.3542521884522785
48,word,test,0.7333333333333333,1110.4904666543002,1.2235282623097512,0.19577691096520083
5,digit,prac,0.6,1496.9433500664309,0.4208567884958495,-6.938893903907228e-17
5,digit,test,0.5666666666666667,1375.361796296029,0.3350399297083788,0.24846725533548542
5,space,prac,0.7,695.8062500343658,0.8849181444440065,0.23203067797407845
5,space,test,0.6833333333333333,1349.2259793304675,0.9219208743554865,0.044973216988068554
5,word,prac,0.7,1469.198600016534,0.8849181444440064,-0.2320306779740785
5,word,test,0.7333333333333333,1461.3072407190455,1.200357551979691,-0
50,digit,prac,0.7,1773.007640009748,0.8849181444440064,-0.2320306779740785
50,digit,test,0.6666666666666666,1133.0579566691697,0.8352250011439342,-0.08832115359384485
50,space,prac,1,958.5327249951653,2.765988254201277,3.3306690738754696e-16
50,space,test,0.5166666666666667,1225.8817866755028,0.08094729048129604,0.04047364524064802
50,word,prac,0.8,1661.635400028898,1.3489795003921634,-0
50,word,test,0.6333333333333333,1011.9246413674338,0.6811260664711415,-0.25961574275427474
51,digit,prac,0.6,1679.5167499803924,0.4208567884958495,-6.938893903907228e-17
51,digit,test,0.8666666666666667,1420.1069035500823,2.2082861032506527,0.29660200950525006
51,space,prac,1,1273.2711334247167,2.765988254201277,3.3306690738754696e-16
51,space,test,0.8666666666666667,1376.6398133632415,2.114828456972762,-0
51,word,prac,0.8,1470.649640075862,1.3489795003921634,-0
51,word,test,0.9166666666666666,1466.5884206970704,2.6119771920519215,-0.09475646510461566
52,digit,prac,0.7,1395.7073399797077,1.1725657328527133,-0.7967112606742814
52,digit,test,0.7666666666666667,1401.2772034580726,1.4001804252151335,-0
52,space,prac,0.9,807.5805499684066,2.0574838772967206,0.3542521884522785
52,space,test,0.9333333333333333,1145.1347724068905,2.8719297414753866,-0.22473273981634834
52,word,prac,0.6,1815.431939996778,0.4208567884958495,-6.938893903907228e-17
52,word,test,0.8833333333333333,1312.899944854194,2.268646359407726,-0.07690895121748198
53,digit,prac,0.6,2295.6361999386,0.4208567884958495,-6.938893903907228e-17
53,digit,test,0.7666666666666667,1445.6985275871282,1.4001804252151335,-0
53,space,prac,1,1704.267574998085,2.765988254201277,3.3306690738754696e-16
53,space,test,0.6833333333333333,1229.588953595209,0.9294701229679677,0.13544371450586162
53,word,prac,0.8,1466.887140087784,1.5934225213485635,0.586282866426357
53,word,test,0.8,1480.059434467092,1.6575930044762264,0.22861772624826776
54,digit,prac,0.9,1281.3738400116556,2.0574838772967206,0.3542521884522785
54,digit,test,0.8,1215.671362950363,1.717165785087157,0.3526492383777665
54,space,prac,0.6,1316.54420006089,0.4208567884958495,-6.938893903907228e-17
54,space,test,0.9833333333333333,1264.3128933385017,3.80189573152606,0.24025025520898835
54,word,prac,0.5,1584.27179977298,0,1.3829941271006387
54,word,test,0.8666666666666667,1036.8934839963915,2.2082861032506527,0.29660200950525006
55,digit,prac,1,708.8662600144744,2.765988254201277,3.3306690738754696e-16
55,digit,test,0.9666666666666667,660.0226862195492,3.3213952211080833,-0
55,space,prac,1,902.4419000372282,2.765988254201277,3.3306690738754696e-16
55,space,test,0.95,716.0583607370163,3.0614426716846177,0.12997627471173268
55,word,prac,1,649.5372199453413,2.765988254201277,3.3306690738754696e-16
55,word,test,0.9666666666666667,808.1259861957798,3.3213952211080833,-0
56,digit,prac,0.7,1478.7794199772175,0.8849181444440064,-0.2320306779740785
56,digit,test,0.6666666666666666,1341.9387766858558,0.8319744403793495,5.551115123125783e-17
56,space,prac,0.5,1230.6377800000053,0,0.2104283942479247
56,space,test,0.6166666666666667,1395.3637749999891,0.5868809446471077,0.21249318184225796
56,word,prac,0.5,1382.50399995595,0,-0.21042839424792484
56,word,test,0.5833333333333334,1416.9740148181847,0.4074355956786064,-0.04128842519801751
57,digit,prac,0.8,1137.1869000024178,1.3489795003921634,-0
57,digit,test,0.8,1038.7253206873565,1.6253347724617184,-0.11257717362329245
57,space,prac,0.7,1005.4115999999342,0.8849181444440064,-0.2320306779740785
57,space,test,0.85,825.8850037033243,1.9826587883405327,0.06608483431611467
57,word,prac,0.9,1219.3180400012347,2.0574838772967206,0.3542521884522785
57,word,test,0.75,1033.1580655172347,1.3002689885974124,-0.04995571830886064
6,digit,prac,0.7,672.4712799303232,0.8849181444440065,0.23203067797407845
6,digit,test,0.6166666666666667,675.4889862033829,0.5784165928309607,0.12677892377419447
6,space,prac,0.7,860.259375011083,0.8849181444440065,0.23203067797407845
6,space,test,0.6666666666666666,913.8009678322958,0.8625195852488526,0.26883041998314045
6,word,prac,0.2,790.2585200034074,-1.3489795003921634,-0
6,word,test,0.5,827.3192733603838,0,0.08094729048129604
61,digit,prac,0.7,1619.101000006777,0.8849181444440065,0.23203067797407845
61,digit,test,0.8833333333333333,1441.3640766695614,2.268646359407726,0.07690895121748198
61,space,prac,0.4,1783.1058999678733,-0.464061355948157,0.4424590722220032
61,space,test,0.8,1816.7780930987274,1.6253347724617184,-0.11257717362329245
61,word,prac,0.8,2038.304039998912,1.5934225213485629,-0.5862828664263566
61,word,test,0.8333333333333334,1623.9763099991253,1.8649552706064574,-0.12493659318315231
62,digit,prac,0.3,1222.5834000128102,-0.8849181444440064,-0.2320306779740785
62,digit,test,0.3,1690.9205214261813,-1.0876739324954374,0.3814075936064329
62,space,prac,0.3,1118.6687999870614,-0.8849181444440065,0.23203067797407845
62,space,test,0.25,1366.685966666166,-1.5631744337718623,0.6191578442446454
62,word,prac,0.4,1429.375566677967,-0.464061355948157,0.4424590722220032
62,word,test,0.23333333333333334,1418.2762250032586,-1.5405234778994672,0.44097039197161136
63,digit,prac,0.8,1689.7074399050318,1.5934225213485635,0.586282866426357
63,digit,test,0.3333333333333333,934.9396730629868,-0.9252445598541517,0.46262227992707583
63,space,prac,0.7,1887.159399967642,0.8849181444440064,-0.2320306779740785
63,space,test,0.5,1010.7615571385913,0,-0
63,word,prac,0.6,1502.7855250082225,0.708504376904557,1.0287419386483603
63,word,test,0.5,1098.1590111127678,0,0.7000902126075668
64,digit,prac,0.9,1935.393099987414,2.0574838772967197,-0.3542521884522782
64,digit,test,0.6,1659.6228192390222,0.4917207196194081,0.0834309871684182
64,space,prac,0.7,1763.8419199967782,1.1725657328527141,0.7967112606742817
64,space,test,0.6166666666666667,1617.6480892837785,0.5868809446471077,0.21249318184225796
64,word,prac,0.7,2094.760100077838,0.8849181444440065,0.23203067797407845
64,word,test,0.5833333333333334,1643.6240863774651,0.41023863745941813,0.12417202824841317
65,digit,prac,0.6,1592.1077249986402,0.4640613559481569,-0.44245907222200326
65,digit,test,0.7333333333333333,1581.8551374995877,1.200357551979691,-0
65,space,prac,0.8,1928.0500199645744,1.3489795003921634,-0
65,space,test,0.5,1565.5362571456608,0,-0
65,word,prac,0.6,1443.4238749981873,0.464061355948157,0.4424590722220032
65,word,test,0.5833333333333334,1657.5417150004805,0.4159872201896748,0.2079936100948374
66,digit,prac,0.4,2097.33309992589,-0.464061355948157,0.4424590722220032
66,digit,test,0.45,1494.8582564905767,-0.2450062230373207,-0.12250311151866035
66,space,prac,0.5,1955.904120001652,0,0.2104283942479247
66,space,test,0.5333333333333333,1212.9062035715572,0.16242937264128585,-0.08121468632064292
66,word,prac,0.5,1910.542620019986,0,-0.21042839424792484
66,word,test,0.7166666666666667,1458.8004000085803,1.1368323890981986,-0.23912484757097707
67,digit,prac,0.7,1720.5114749958725,0.8849181444440065,0.23203067797407845
67,digit,test,0.4166666666666667,1926.6516473511922,-0.41023863745941824,-0.1241720282484131
67,space,prac,0.5,1750.2349667872,0,0.2104283942479247
67,space,test,0.5333333333333333,1093.9797785332696,0.1640589325560248,-0.16297675675930828
67,word,prac,0.4,1695.24475997314,-0.4640613559481569,-0.44245907222200326
67,word,test,0.5333333333333333,1273.986293115364,0.16242937264128585,-0.08121468632064292
68,digit,prac,0.3,1461.7826499743398,-0.8849181444440065,0.23203067797407845
68,digit,test,0.36666666666666664,637.2764722392379,-0.9847578409409016,-0.9083661406601256
68,space,prac,0.4,1886.0386333326467,-0.4208567884958495,-6.938893903907228e-17
68,space,test,0.4666666666666667,1452.5878961528806,-0.16405893255602466,0.16297675675930837
68,word,prac,0.8,1896.4007200003819,1.3489795003921634,-0
68,word,test,0.65,1437.4281639998667,0.7626081486311314,0.2188747016742798
69,digit,prac,0.8,737.96607501572,1.5934225213485635,0.586282866426357
69,digit,test,0.55,1114.5275233352243,0.25355784754838917,0.28920829641548024
69,space,prac,0.4,1627.743649994955,-0.4208567884958495,-6.938893903907228e-17
69,space,test,0.4666666666666667,1269.8219526117966,-0.16242937264128568,0.08121468632064284
69,word,prac,0.7,1674.4826249923776,0.8849181444440065,0.23203067797407845
69,word,test,0.6666666666666666,971.4382000034677,0.8352250011439342,-0.08832115359384485
7,digit,prac,0.5,989.6679499652222,0,0.2104283942479247
7,digit,test,0.48333333333333334,1348.8581214083492,-0.08148208215998964,0.12168833156129086
7,space,prac,0.6,1427.9892667351933,0.708504376904557,1.0287419386483603
7,space,test,0.5333333333333333,1161.6119482747185,0.19415655844175495,0.6030119333866892
7,word,prac,0.4,1782.2638333309467,-0.4208567884958495,-6.938893903907228e-17
7,word,test,0.6,1448.5609862022109,0.5059336541658119,-0.25296682708290597
70,digit,prac,0.5,1662.0735500000576,0,0.2104283942479247
70,digit,test,0.3,2076.7812933336236,-1.052547265157397,0.28126740954137786
70,space,prac,0.2,1424.91694999626,-1.3489795003921634,-0
70,space,test,0.8,1353.3110333313125,1.6253347724617184,-0.11257717362329245
70,word,prac,0.6,1759.0549600077807,0.708504376904557,1.0287419386483603
70,word,test,0.48333333333333334,1489.0245269164634,-0.08148208215998964,0.12168833156129086
71,digit,prac,0.5,1832.8733599977572,0,-0.6744897501960817
71,digit,test,0.5,1338.6453999986404,0,0.08094729048129604
71,space,prac,0.3,1187.4053399995328,-1.1725657328527133,-0.7967112606742814
71,space,test,0.5166666666666667,1387.0187740734168,0.089946433976137,0.4609604371777433
71,word,prac,0.5,1397.355225000865,0,0.6744897501960817
71,word,test,0.55,1251.6855500011186,0.28410299241789194,0.5580387163986208
72,digit,prac,0.7,1454.061579995324,0.8849181444440064,-0.2320306779740785
72,digit,test,0.5666666666666667,1337.1047392834685,0.3248587452825715,-8.326672684688674e-17
72,space,prac,0.6,1380.3150999941852,0.4208567884958495,-6.938893903907228e-17
72,space,test,0.85,1492.2657933309283,2.0187731730414216,-0.2018455444006343
72,word,prac,0.5,1697.1039799915159,0,0.2104283942479247
72,word,test,0.5333333333333333,1709.407466666392,0.16189458096259193,6.938893903907228e-17
73,digit,prac,0.6,1289.186760003212,0.4208567884958495,-6.938893903907228e-17
73,digit,test,0.6666666666666666,1494.5444689666172,0.8451849990271662,-0.1775862764762624
73,space,prac,0.3,2061.770499998238,-1.1725657328527141,0.7967112606742817
73,space,test,0.48333333333333334,1503.2602862057536,-0.08094729048129604,0.04047364524064802
73,word,prac,0.8,1722.631360008382,1.3489795003921634,-0
73,word,test,0.6333333333333333,1654.2751733407686,0.6585826939562445,-0
74,digit,prac,0.5,2074.1454999952102,0,-0.21042839424792484
74,digit,test,0.55,1784.4192304284034,0.26092743112849115,0.37546993860156624
74,space,prac,0.6,1763.2788799935959,0.464061355948157,0.4424590722220032
74,space,test,0.55,1751.9263259169675,0.28410299241789194,0.5580387163986208
74,word,prac,0.5,1505.80293335952,0,0.2104283942479247
74,word,test,0.48333333333333334,1919.6478565294383,-0.08428512394080154,0.28714878500772145
75,digit,prac,0.3,1196.729460000642,-0.8849181444440065,0.23203067797407845
75,digit,test,0.6333333333333333,1604.755638461379,0.7265937516387804,0.4442441663006862
75,space,prac,0.4,1721.1808666664467,-0.464061355948157,0.4424590722220032
75,space,test,0.55,1353.8000384533716,0.2450062230373207,0.12250311151866035
75,word,prac,0.5,1874.224020000838,0,0.2104283942479247
75,word,test,0.43333333333333335,1820.303814815782,-0.39155382193040156,0.6117641311548756
76,digit,prac,0.7,2026.788040006068,0.8849181444440064,-0.2320306779740785
76,digit,test,0.8333333333333334,1583.5162535762981,1.9113223435289117,0.2555709591568891
76,space,prac,0.6,1942.78721999144,0.708504376904557,1.0287419386483603
76,space,test,0.6,1928.669729999576,0.5059336541658118,0.2529668270829059
76,word,prac,0.7,2060.789074996135,0.8849181444440065,0.23203067797407845
76,word,test,0.5833333333333334,1970.4460068967132,0.4550839895702461,0.4725482178224437
77,digit,prac,0.6,1598.57000000775,0.4208567884958495,-6.938893903907228e-17
77,digit,test,0.5,1346.8805678587937,0,0.08094729048129604
77,space,prac,0.3,1570.055600069463,-0.8849181444440065,0.23203067797407845
77,space,test,0.5833333333333334,1423.2028071169884,0.43774940334855983,0.38130407431556557
77,word,prac,0.6,1351.9847749848825,0.4640613559481569,-0.44245907222200326
77,word,test,0.5833333333333334,1334.2482266714796,0.4074355956786064,-0.04128842519801751
78,digit,prac,0.7,1512.8264000013576,1.1725657328527141,0.7967112606742817
78,digit,test,0.6666666666666666,1452.0649199985203,0.8451849990271662,-0.1775862764762624
78,space,prac,0.5,1742.0942399941835,0,0.2104283942479247
78,space,test,0.48333333333333334,1560.0734299950998,-0.08148208215998995,-0.12168833156129087
78,word,prac,0.5,2378.0328000138948,0,0.6744897501960817
78,word,test,0.38333333333333336,1456.5038521718445,-0.6451116694787907,0.484985207380681
79,digit,prac,0.6,1373.651259997862,0.4208567884958495,-6.938893903907228e-17
79,digit,test,0.8166666666666667,1375.039313791384,1.732785601974228,0.05885175886703764
79,space,prac,1,1172.27789999015,2.765988254201277,3.3306690738754696e-16
79,space,test,0.85,1263.314479309664,2.0187731730414216,0.2018455444006343
79,word,prac,0.6,1430.8006333400676,0.464061355948157,0.4424590722220032
79,word,test,0.6833333333333333,1249.4763793114673,0.9699704147613623,0.32255583473939525
8,digit,prac,0.7,991.9673748663615,0.8849181444440064,-0.2320306779740785
8,digit,test,0.48333333333333334,1107.974799996656,-0.08428512394080154,0.28714878500772145
8,space,prac,0.5,1356.0206249821933,0,0.6744897501960817
8,space,test,0.5333333333333333,916.3108222031348,0.19415655844175495,0.6030119333866892
8,word,prac,0.4,1241.6583250742403,-0.464061355948157,0.4424590722220032
8,word,test,0.5833333333333334,1009.9600071137365,0.4550839895702461,0.4725482178224437
80,digit,prac,0.3,1652.0673750055726,-0.8849181444440064,-0.2320306779740785
80,digit,test,0.43333333333333335,1125.1704846161795,-0.34350428152452606,-0.3341815134035489
80,space,prac,0.6,2179.2682600033,0.4208567884958495,-6.938893903907228e-17
80,space,test,0.55,1322.8488000006314,0.2483440564968262,0.20511931872970912
80,word,prac,0.6,1561.3908750019618,0.4208567884958495,-6.938893903907228e-17
80,word,test,0.55,1439.2491444445182,0.2483440564968262,0.20511931872970912
81,digit,prac,0.3,2007.0237000472798,-0.8849181444440065,0.23203067797407845
81,digit,test,0.35,1989.52834547328,-0.745278567167797,-0.04334793660577624
81,space,prac,0.4,1773.70649995282,-0.464061355948157,0.4424590722220032
81,space,test,0.35,1769.6554800107454,-0.7626081486311311,-0.21887470167427991
81,word,prac,0.4,2497.037899971475,-0.4208567884958495,-6.938893903907228e-17
81,word,test,0.36666666666666664,1640.635030791879,-0.6683630268070976,-0.17175214076226314
82,digit,prac,0.5,994.0178199904044,0,-1.382994127100638
82,digit,test,0.5,753.5850714297598,0,-2.1411981209720183
82,space,prac,0.4,884.7334999979163,-0.7085043769045564,-1.0287419386483598
82,space,test,0.48333333333333334,893.8483599992467,-0.10745082951250962,-0.7538156273638216
82,word,prac,0.5,590.990349999629,0,-0.6744897501960817
82,word,test,0.36666666666666664,983.1909040035673,-0.7265937516387805,-0.44424416630068614
83,digit,prac,0.3,1374.7899333150935,-0.8849181444440065,0.23203067797407845
83,digit,test,0.4166666666666667,752.9537521768361,-0.40743559567860654,0.041288425198017425
83,space,prac,0.2,1178.8227400043995,-1.5934225213485635,0.586282866426357
83,space,test,0.48333333333333334,626.0389391302498,-0.08148208215998964,0.12168833156129086
83,word,prac,0.6,786.0398499979055,0.464061355948157,0.4424590722220032
83,word,test,0.4666666666666667,727.6630142847092,-0.16242937264128568,0.08121468632064284
84,digit,prac,0.2,1252.9565000052867,-1.5934225213485635,0.586282866426357
84,digit,test,0.5333333333333333,1192.9838933293167,0.16242937264128568,0.08121468632064284
84,space,prac,0.5,1409.023299999534,0,0.2104283942479247
84,space,test,0.6,1151.7844899984386,0.6414270082967062,0.7367007243380279
84,word,prac,0.5,1136.5576333385734,0,-0.6744897501960817
84,word,test,0.55,1371.2306142863647,0.24337666312258158,0.04074104107999489
85,digit,prac,0.5,1212.705750003805,0,0.2104283942479247
85,digit,test,0.5666666666666667,1237.0224206925152,0.41931090568833984,0.7155891070099818
85,space,prac,0.4,1202.4862499965818,-0.464061355948157,0.4424590722220032
85,space,test,0.5333333333333333,976.6485615400594,0.24987318636630462,0.9324776353032287
85,word,prac,0.5,1725.90816000011,0,0.6744897501960817
85,word,test,0.43333333333333335,1092.0049444453236,-0.73545305069989,1.2929710852040968
86,digit,prac,0.4,793.3007249957883,-0.4640613559481569,-0.44245907222200326
86,digit,test,0.23333333333333334,1645.198584623777,-1.4311782140199636,-0.20965545284416992
86,space,prac,0.2,1671.5934199979529,-1.5934225213485629,-0.5862828664263566
86,space,test,0.43333333333333335,1180.0509653873564,-0.32929134697812223,-0.16464567348906112
86,word,prac,0.5,1700.278724994861,0,0.2104283942479247
86,word,test,0.35,1058.5461421011894,-0.7509398772031325,0.13046371556424557
87,digit,prac,0.7,1721.561599988492,0.8849181444440064,-0.2320306779740785
87,digit,test,0.5333333333333333,1337.2629199991936,0.16686197433683655,0.24586035980970394
87,space,prac,0.5,1518.113319971598,0,0.6744897501960817
87,space,test,0.4666666666666667,1314.2660923163362,-0.24987318636630462,0.9324776353032287
87,word,prac,0.4,2058.05400001118,-0.464061355948157,0.4424590722220032
87,word,test,0.5666666666666667,1056.0338926001416,0.5111419183137782,0.9556611717644559
88,digit,prac,0.5,706.4065500053403,0,-0.21042839424792484
88,digit,test,0.25,1314.3199812502637,-1.4562383539586656,0.48311295394201215
88,space,prac,0.6,1392.129699997895,0.4208567884958495,-6.938893903907228e-17
88,space,test,0.7,1037.857508334127,1.0161659961795202,0.09209577790008538
88,word,prac,0.4,1695.9086249989925,-0.708504376904557,1.0287419386483603
88,word,test,0.5166666666666667,1816.494715384369,0.09424512182403366,0.5530562150778287
89,digit,prac,0.4,1807.6655000011701,-0.4208567884958495,-6.938893903907228e-17
89,digit,test,0.45,1505.5618124970356,-0.2450062230373207,-0.12250311151866035
89,space,prac,0.5,1530.534259998238,0,-0.6744897501960817
89,space,test,0.3333333333333333,1510.820923811047,-0.8451849990271662,0.1775862764762624
89,word,prac,0.5,2175.124319997848,0,0.2104283942479247
89,word,test,0.4166666666666667,1553.2226857176279,-0.41023863745941813,0.12417202824841317
9,digit,prac,0.9,940.9951499546875,2.0574838772967206,0.3542521884522785
9,digit,test,0.8166666666666667,1314.6595633511129,1.7575044410939478,0.17866200793940712
9,space,prac,0.5,1475.72695009876,0,0.2104283942479247
9,space,test,0.85,1321.0301285726016,2.0187731730414216,0.2018455444006343
9,word,prac,0.9,866.656774887815,2.0574838772967197,-0.3542521884522782
9,word,test,0.6833333333333333,1436.9986571754064,0.9219208743554868,-0.044973216988068554
90,digit,prac,0.5,1248.3247333439049,0,-0.21042839424792484
90,digit,test,0.4666666666666667,958.5956833325325,-0.1668619743368364,-0.24586035980970405
90,space,prac,0.3,1938.8506333537734,-0.8849181444440064,-0.2320306779740785
90,space,test,0.6166666666666667,1651.6690214318392,0.5784165928309604,-0.12677892377419453
90,word,prac,0.7,1577.71930001036,0.8849181444440065,0.23203067797407845
90,word,test,0.7,1462.1223241375797,1.0118673083316239,-5.551115123125783e-17
91,digit,prac,0.8,1099.9267199775204,1.3489795003921634,-0
91,digit,test,0.6166666666666667,1358.8025464185707,0.5784165928309607,0.12677892377419447
91,space,prac,0.6,1011.3230999947202,0.4208567884958495,-6.938893903907228e-17
91,space,test,0.48333333333333334,753.7758033528612,-0.08148208215998964,0.12168833156129086
91,word,prac,0.4,1433.2416666438787,-0.4208567884958495,-6.938893903907228e-17
91,word,test,0.5,1092.5082300091156,0,-0.0809472904812959
92,digit,prac,0.6,1531.09280000596,0.4208567884958495,-6.938893903907228e-17
92,digit,test,0.45,506.7140590875749,-0.2483440564968262,0.20511931872970912
92,space,prac,0.6,1546.9000200042485,0.4208567884958495,-6.938893903907228e-17
92,space,test,0.6166666666666667,906.0434199908441,0.5784165928309604,-0.12677892377419453
92,word,prac,0.4,1425.7613999943724,-0.464061355948157,0.4424590722220032
92,word,test,0.45,647.0801047537299,-0.2450062230373207,0.12250311151866035
93,digit,prac,0.3,1350.6510749575675,-1.1725657328527141,0.7967112606742817
93,digit,test,0.06666666666666667,1472.8431333787728,-3.1986123494583993,0.5418919462428187
93,space,prac,0.5,1805.341460043564,0,1.3829941271006387
93,space,test,0.31666666666666665,1365.715699996251,-1.130284840440049,0.6460897107013205
93,word,prac,0.4,1378.328839997994,-0.464061355948157,0.4424590722220032
93,word,test,0.45,1335.769454999173,-0.24337666312258158,0.04074104107999489
94,digit,prac,0.3,1016.2448666669657,-0.8849181444440064,-0.2320306779740785
94,digit,test,0.5166666666666667,906.3291464278469,0.08257685039603502,0.2037177978393032
94,space,prac,0.4,1152.979000005873,-0.464061355948157,0.4424590722220032
94,space,test,0.4166666666666667,1394.7299413848668,-0.47824969514195415,0.5684161945490993
94,word,prac,0.6,1568.18145001307,0.464061355948157,0.4424590722220032
94,word,test,0.55,562.5293750102478,0.24834405649682634,-0.20511931872970907
95,digit,prac,0.7,1624.7716249981725,0.8849181444440065,0.23203067797407845
95,digit,test,0.5833333333333334,1412.9369714293193,0.40743559567860654,0.041288425198017425
95,space,prac,0.5,1009.7578800006894,0,0.2104283942479247
95,space,test,0.45,1765.3801272740973,-0.24337666312258188,-0.040741041079994905
95,word,prac,0.4,1564.83669998124,-0.464061355948157,0.4424590722220032
95,word,test,0.6,1773.4345178053306,0.4917207196194079,-0.08343098716841828
96,digit,prac,0.3,1096.8308200594033,-0.8849181444440064,-0.2320306779740785
96,digit,test,0.5666666666666667,1266.1826307706247,0.4572354524965355,0.8287965022381132
96,space,prac,0.4,1172.9864999651913,-0.4208567884958495,-6.938893903907228e-17
96,space,test,0.4166666666666667,1428.40025594458,-0.40743559567860654,0.041288425198017425
96,word,prac,0.5,1690.5281500658025,0,0.2104283942479247
96,word,test,0.5333333333333333,1214.9385678598521,0.17098099715235412,0.33049672161349775
97,digit,prac,0.4,1206.649720016866,-0.4640613559481569,-0.44245907222200326
97,digit,test,0.43333333333333335,848.3106962974286,-0.32929134697812223,-0.16464567348906112
97,space,prac,0.3,1424.6351499750738,-0.8849181444440065,0.23203067797407845
97,space,test,0.5166666666666667,1032.5934931130057,0.08428512394080154,0.28714878500772145
97,word,prac,0.3,1088.7778000032995,-0.8849181444440065,0.23203067797407845
97,word,test,0.55,1056.6989518486444,0.2483440564968262,0.20511931872970912
98,digit,prac,0.1,1890.5339000048134,-2.0574838772967206,0.3542521884522785
98,digit,test,0.25,1629.1557692367435,-1.7416449010353374,0.7898751600363729
98,space,prac,0.3,1841.5022500048528,-0.8849181444440064,-0.2320306779740785
98,space,test,0.45,1285.1702434747267,-0.2450062230373207,-0.12250311151866035
98,word,prac,0.5,1618.6289249963,0,-0.21042839424792484
98,word,test,0.5,1553.9345863640356,0,0.16242937264128568
99,digit,prac,0.6,1893.5856499883826,0.464061355948157,0.4424590722220032
99,digit,test,0.4666666666666667,1278.290110706751,-0.17664230718768958,0.417612500571967
99,space,prac,0.7,1527.8884999861496,0.8849181444440065,0.23203067797407845
99,space,test,0.48333333333333334,858.5913499924706,-0.089946433976137,0.4609604371777433
99,word,prac,0.4,1683.2987999951,-0.4208567884958495,-6.938893903907228e-17
99,word,test,0.45,1345.0025392854257,-0.2450062230373207,0.12250311151866035
